,PLAYER_ID,PLAYER_NAME,TEAM_ID,TEAM_ABBREVIATION,AGE,lessthan5ft_FGM,lessthan5ft_FGA,lessthan5ft_FG_PCT,5_9ft_FGM,5_9ft_FGA,5_9ft_FG_PCT,10_14ft_FGM,10_14ft_FGA,10_14ft_FG_PCT,15_19ft_FGM,15_19ft_FGA,15_19ft_FG_PCT,20_24ft_FGM,20_24ft_FGA,20_24ft_FG_PCT,SEASON
0,201166,Aaron Brooks,1610612745,HOU,24.0,1.3,2.9,0.465,0.4,1.1,0.345,0.3,0.8,0.403,0.3,0.6,0.4,1.0,2.2,0.443,2008
1,201189,Aaron Gray,1610612741,CHI,24.0,1.1,2.0,0.54,0.4,0.8,0.447,0.1,0.3,0.231,0.0,0.0,0.0,0.0,0.0,0.0,2008
2,201151,Acie Law,1610612737,ATL,24.0,0.5,1.0,0.556,0.0,0.1,0.286,0.0,0.2,0.2,0.1,0.6,0.167,0.2,0.5,0.444,2008
3,200747,Adam Morrison,1610612747,LAL,24.0,0.1,0.3,0.353,0.1,0.4,0.353,0.2,0.4,0.5,0.4,1.0,0.385,0.4,1.2,0.35,2008
4,1502,Adonal Foyle,1610612753,ORL,34.0,0.5,0.7,0.714,0.2,0.3,0.5,0.1,0.1,1.0,0.0,0.1,0.0,0.0,0.0,0.0,2008
5,1733,Al Harrington,1610612752,NYK,29.0,3.1,5.6,0.563,0.4,0.9,0.418,0.4,1.2,0.345,0.8,1.8,0.407,1.6,4.1,0.395,2008
6,201143,Al Horford,1610612737,ATL,23.0,2.4,3.5,0.679,0.8,1.9,0.431,0.6,1.4,0.409,0.8,1.9,0.421,0.1,0.1,0.571,2008
7,2744,Al Jefferson,1610612750,MIN,24.0,5.0,8.3,0.606,2.1,4.6,0.45,1.5,3.4,0.433,1.0,2.9,0.361,0.1,0.2,0.364,2008
8,201154,Al Thornton,1610612746,LAC,25.0,3.3,5.7,0.588,0.5,1.2,0.435,0.5,1.6,0.336,1.4,3.8,0.356,0.7,1.8,0.369,2008
9,201169,Alando Tucker,1610612756,PHX,25.0,1.1,1.8,0.604,0.1,0.6,0.188,0.2,0.4,0.4,0.2,0.5,0.357,0.1,0.6,0.25,2008
10,101165,Alex Acker,1610612746,LAC,26.0,0.2,0.7,0.333,0.1,0.2,0.25,0.2,0.4,0.5,0.2,0.6,0.385,0.6,1.5,0.414,2008
11,201582,Alexis Ajinca,1610612766,CHA,21.0,0.2,0.5,0.357,0.2,0.5,0.444,0.1,0.5,0.3,0.3,0.8,0.364,0.2,0.5,0.417,2008
12,947,Allen Iverson,1610612765,DET,34.0,2.3,4.4,0.518,0.4,0.9,0.385,0.9,1.9,0.45,1.8,4.5,0.397,0.5,1.8,0.262,2008
13,2405,Amar'e Stoudemire,1610612756,PHX,26.0,4.3,6.7,0.645,1.1,2.3,0.452,0.3,0.9,0.362,1.6,3.6,0.446,0.2,0.4,0.565,2008
14,101161,Amir Johnson,1610612765,DET,22.0,1.2,1.8,0.673,0.2,0.4,0.458,0.0,0.1,0.333,0.1,0.3,0.389,0.0,0.1,0.4,2008
15,2760,Anderson Varejao,1610612739,CLE,26.0,2.4,3.5,0.688,0.2,0.7,0.317,0.2,0.6,0.333,0.5,1.3,0.38,0.0,0.1,0.143,2008
16,101154,Andray Blatche,1610612764,WAS,22.0,2.5,4.2,0.6,0.4,1.1,0.365,0.4,1.0,0.362,0.8,2.1,0.369,0.1,0.4,0.37,2008
17,2810,Andre Brown,1610612766,CHA,28.0,0.3,1.3,0.2,0.0,0.3,0.0,0.0,0.0,0.0,0.0,0.3,0.0,0.0,0.0,0.0,2008
18,2738,Andre Iguodala,1610612755,PHI,25.0,3.6,5.1,0.714,0.2,0.6,0.271,0.2,0.6,0.302,1.2,3.2,0.37,0.8,2.4,0.35,2008
19,1889,Andre Miller,1610612755,PHI,33.0,3.2,5.5,0.579,0.4,1.1,0.359,0.8,2.1,0.386,1.3,3.0,0.426,0.3,0.6,0.404,2008
20,200745,Andrea Bargnani,1610612761,TOR,23.0,1.7,2.9,0.576,0.4,1.1,0.393,0.4,1.1,0.365,1.0,2.4,0.419,1.1,2.5,0.43,2008
21,1905,Andrei Kirilenko,1610612762,UTA,28.0,2.3,4.0,0.584,0.1,0.6,0.154,0.0,0.2,0.25,0.5,1.3,0.407,0.7,1.9,0.375,2008
22,2804,Andres Nocioni,1610612758,SAC,29.0,1.4,2.5,0.551,0.3,0.6,0.442,0.1,0.3,0.231,0.4,1.3,0.326,1.1,2.6,0.407,2008
23,101106,Andrew Bogut,1610612749,MIL,24.0,3.7,5.7,0.652,1.1,2.3,0.476,0.2,0.5,0.389,0.1,0.3,0.3,0.0,0.0,0.0,2008
24,101115,Andrew Bynum,1610612747,LAL,21.0,4.0,6.0,0.666,1.1,2.6,0.417,0.4,0.9,0.4,0.1,0.4,0.333,0.0,0.0,0.0,2008
25,2740,Andris Biedrins,1610612744,GSW,23.0,4.6,7.5,0.611,0.3,1.0,0.344,0.0,0.0,0.0,0.0,0.0,1.0,0.0,0.0,0.0,2008
26,1712,Antawn Jamison,1610612764,WAS,33.0,3.8,6.2,0.613,1.3,2.8,0.462,0.5,1.5,0.373,0.9,2.3,0.397,1.0,3.0,0.353,2008
27,1853,Anthony Carter,1610612743,DEN,34.0,0.8,1.5,0.579,0.1,0.3,0.458,0.1,0.2,0.444,0.5,1.1,0.463,0.4,1.3,0.304,2008
28,1533,Anthony Johnson,1610612753,ORL,34.0,0.4,0.8,0.574,0.2,0.4,0.394,0.3,0.8,0.367,0.4,1.0,0.38,0.5,1.2,0.394,2008
29,201627,Anthony Morrow,1610612744,GSW,23.0,0.7,1.2,0.554,0.2,0.4,0.393,0.4,0.7,0.489,0.8,1.7,0.486,1.3,2.7,0.482,2008
30,1515,Anthony Parker,1610612761,TOR,34.0,0.9,1.6,0.573,0.1,0.3,0.435,0.3,0.8,0.419,1.3,2.9,0.437,1.2,3.3,0.372,2008
31,201576,Anthony Randolph,1610612744,GSW,19.0,2.0,3.3,0.607,0.3,1.0,0.322,0.1,0.7,0.211,0.6,1.5,0.376,0.1,0.4,0.321,2008
32,101194,Anthony Roberson,1610612741,CHI,26.0,0.3,0.4,0.75,0.0,0.1,0.333,0.1,0.2,0.6,0.1,0.5,0.154,0.8,2.2,0.35,2008
33,201229,Anthony Tolliver,1610612759,SAS,24.0,0.4,0.6,0.636,0.0,0.0,0.0,0.0,0.0,0.0,0.1,0.4,0.25,0.3,1.4,0.192,2008
34,101120,Antoine Wright,1610612742,DAL,25.0,1.3,2.6,0.518,0.1,0.4,0.25,0.1,0.2,0.25,0.3,0.7,0.458,0.8,2.3,0.374,2008
35,1498,Antonio Daniels,1610612740,NOH,34.0,0.5,1.0,0.507,0.1,0.2,0.412,0.1,0.6,0.25,0.2,0.5,0.5,0.2,0.6,0.419,2008
36,686,Antonio McDyess,1610612765,DET,34.0,1.3,2.1,0.621,0.1,0.1,0.714,0.2,0.5,0.467,2.2,5.0,0.451,0.5,0.8,0.583,2008
37,201167,Arron Afflalo,1610612765,DET,23.0,0.6,1.0,0.63,0.0,0.1,0.333,0.1,0.2,0.294,0.3,0.8,0.39,0.6,1.6,0.381,2008
38,1506,Austin Croshere,1610612759,SAS,34.0,0.4,1.1,0.333,0.3,0.3,1.0,0.0,0.1,0.0,0.1,0.3,0.333,0.1,0.7,0.2,2008
39,1884,Baron Davis,1610612746,LAC,30.0,2.2,4.5,0.485,0.4,1.0,0.348,0.4,1.2,0.359,0.7,2.0,0.336,0.9,2.8,0.311,2008
40,2732,Ben Gordon,1610612741,CHI,26.0,1.8,3.4,0.523,0.3,0.8,0.418,0.5,1.3,0.368,1.8,3.6,0.498,1.9,4.3,0.433,2008
41,1112,Ben Wallace,1610612739,CLE,34.0,1.1,2.1,0.517,0.1,0.3,0.267,0.0,0.1,0.25,0.0,0.2,0.154,0.0,0.1,0.333,2008
42,2757,Beno Udrih,1610612758,SAC,26.0,1.6,3.0,0.536,0.2,0.7,0.353,0.8,1.4,0.6,1.0,2.4,0.435,0.5,1.5,0.358,2008
43,201336,Blake Ahearn,1610612759,SAS,25.0,0.0,0.3,0.0,0.0,0.3,0.0,0.0,0.0,0.0,0.0,0.0,0.0,0.3,0.3,1.0,2008
44,201628,Bobby Brown,1610612750,MIN,24.0,0.5,1.2,0.413,0.1,0.3,0.333,0.1,0.3,0.471,0.5,0.8,0.571,0.6,1.7,0.371,2008
45,1517,Bobby Jackson,1610612758,SAC,36.0,0.8,1.4,0.625,0.2,0.5,0.368,0.1,0.4,0.276,0.5,1.1,0.48,0.8,2.6,0.309,2008
46,2250,Bobby Simmons,1610612751,NJN,29.0,0.5,1.0,0.549,0.1,0.2,0.429,0.0,0.2,0.2,0.4,0.9,0.385,1.4,3.0,0.464,2008
47,2564,Boris Diaw,1610612766,CHA,27.0,2.8,4.6,0.604,0.8,1.7,0.475,0.1,0.3,0.407,0.7,1.6,0.434,0.5,1.1,0.461,2008
48,1802,Brad Miller,1610612741,CHI,33.0,1.9,3.6,0.538,0.3,0.8,0.358,0.2,0.4,0.452,1.2,2.7,0.439,0.5,1.0,0.486,2008
49,201148,Brandan Wright,1610612744,GSW,21.0,2.4,3.7,0.634,0.6,1.5,0.426,0.4,0.9,0.394,0.1,0.2,0.25,0.0,0.1,0.0,2008
50,101138,Brandon Bass,1610612742,DAL,24.0,1.5,2.7,0.569,0.2,0.5,0.4,0.4,0.8,0.426,1.0,2.1,0.468,0.0,0.1,0.6,2008
51,200750,Brandon Roy,1610612757,POR,24.0,3.7,6.1,0.6,0.6,1.4,0.45,0.8,1.8,0.454,1.4,3.7,0.391,1.3,3.2,0.411,2008
52,201575,Brandon Rush,1610612754,IND,23.0,0.9,1.8,0.504,0.2,0.5,0.382,0.3,0.7,0.417,0.5,1.3,0.406,0.9,2.1,0.427,2008
53,2217,Brendan Haywood,1610612764,WAS,29.0,3.8,5.8,0.657,0.2,1.0,0.167,0.0,1.0,0.0,0.0,0.5,0.0,0.0,0.0,0.0,2008
54,699,Brent Barry,1610612745,HOU,37.0,0.2,0.4,0.545,0.0,0.1,0.0,0.1,0.1,0.5,0.0,0.1,0.667,0.4,1.0,0.4,2008
55,1510,Brevin Knight,1610612762,UTA,33.0,0.1,0.4,0.267,0.1,0.1,0.556,0.0,0.2,0.3,0.5,1.2,0.386,0.2,0.7,0.333,2008
56,2073,Brian Cardinal,1610612750,MIN,32.0,0.2,0.4,0.52,0.0,0.1,0.25,0.1,0.2,0.333,0.2,0.4,0.478,0.3,1.0,0.297,2008
57,2567,Brian Cook,1610612745,HOU,28.0,0.1,0.5,0.286,0.0,0.1,0.333,0.1,0.2,0.333,0.2,0.8,0.222,0.3,0.6,0.529,2008
58,2243,Brian Scalabrine,1610612738,BOS,31.0,0.3,0.4,0.813,0.0,0.1,0.25,0.0,0.0,1.0,0.1,0.4,0.286,0.7,1.9,0.371,2008
59,1730,Brian Skinner,1610612746,LAC,33.0,0.9,1.7,0.541,0.6,1.2,0.48,0.2,0.6,0.345,0.2,0.8,0.27,0.0,0.0,1.0,2008
60,201572,Brook Lopez,1610612751,NJN,21.0,3.7,5.6,0.658,0.8,2.3,0.373,0.4,1.0,0.365,0.5,1.0,0.43,0.1,0.4,0.367,2008
61,1477,Bruce Bowen,1610612759,SAS,38.0,0.2,0.4,0.567,0.0,0.1,0.5,0.0,0.2,0.167,0.1,0.3,0.308,0.6,1.3,0.434,2008
62,101139,CJ Miles,1610612762,UTA,22.0,1.6,2.4,0.682,0.2,0.6,0.302,0.2,0.5,0.395,0.5,1.2,0.395,0.8,2.2,0.348,2008
63,201228,CJ Watson,1610612744,GSW,25.0,1.0,1.8,0.528,0.3,0.5,0.55,0.2,0.6,0.333,0.9,2.0,0.444,0.9,1.8,0.489,2008
64,1916,Calvin Booth,1610612758,SAC,33.0,0.3,0.5,0.5,0.0,0.0,0.0,0.0,0.0,0.0,0.4,0.6,0.6,0.0,0.1,0.0,2008
65,201171,Carl Landry,1610612745,HOU,25.0,2.3,3.3,0.686,0.3,0.5,0.515,0.3,0.7,0.388,0.6,1.3,0.446,0.1,0.2,0.429,2008
66,2430,Carlos Boozer,1610612762,UTA,27.0,4.0,6.9,0.584,0.5,1.5,0.357,0.7,1.9,0.357,1.5,3.4,0.429,0.1,0.1,0.6,2008
67,2546,Carmelo Anthony,1610612743,DEN,25.0,3.7,6.7,0.555,0.5,1.2,0.413,0.5,1.6,0.343,1.9,5.0,0.381,0.9,2.2,0.412,2008
68,2406,Caron Butler,1610612764,WAS,29.0,3.1,5.2,0.61,0.5,1.0,0.449,0.5,1.3,0.434,1.8,4.4,0.401,0.9,2.4,0.358,2008
69,201858,Cartier Martin,1610612766,CHA,24.0,0.4,0.7,0.545,0.0,0.1,0.333,0.0,0.2,0.0,0.1,0.4,0.333,0.3,0.9,0.37,2008
70,200759,Cedric Simmons,1610612758,SAC,23.0,0.5,0.9,0.563,0.1,0.4,0.2,0.1,0.2,0.5,0.0,0.2,0.0,0.0,0.0,0.0,2008
71,101112,Channing Frye,1610612757,POR,26.0,0.3,0.7,0.5,0.2,0.4,0.429,0.1,0.2,0.385,0.5,1.1,0.457,0.7,1.8,0.395,2008
72,101236,Charles Hayes,1610612745,HOU,26.0,0.5,0.9,0.516,0.1,0.6,0.189,0.0,0.1,0.333,0.0,0.0,0.0,0.0,0.0,0.0,2008
73,2294,Charlie Bell,1610612749,MIL,30.0,0.6,1.2,0.524,0.1,0.1,0.8,0.1,0.2,0.25,0.9,1.9,0.467,1.1,2.7,0.404,2008
74,101111,Charlie Villanueva,1610612749,MIL,24.0,2.2,4.1,0.541,1.1,2.2,0.497,0.8,1.8,0.438,0.8,2.1,0.386,0.5,1.5,0.319,2008
75,1497,Chauncey Billups,1610612743,DEN,32.0,1.2,2.3,0.516,0.2,0.8,0.283,0.4,1.1,0.371,0.9,2.2,0.416,1.3,2.9,0.434,2008
76,200798,Cheikh Samb,1610612752,NYK,24.0,0.1,0.4,0.25,0.0,0.1,0.0,0.0,0.2,0.0,0.1,0.8,0.083,0.2,0.6,0.375,2008
77,2365,Chris Andersen,1610612743,DEN,30.0,1.9,3.1,0.624,0.1,0.3,0.261,0.1,0.2,0.267,0.1,0.3,0.5,0.0,0.2,0.182,2008
78,2547,Chris Bosh,1610612761,TOR,25.0,3.2,5.5,0.584,0.8,1.9,0.434,0.9,2.4,0.371,2.3,4.8,0.482,0.7,1.5,0.44,2008
79,201604,Chris Douglas-Roberts,1610612751,NJN,22.0,1.2,2.0,0.584,0.3,0.6,0.429,0.1,0.5,0.294,0.2,0.7,0.321,0.1,0.5,0.316,2008
80,2768,Chris Duhon,1610612752,NYK,26.0,1.4,3.0,0.477,0.2,0.5,0.342,0.1,0.2,0.25,0.2,0.4,0.433,0.9,2.3,0.419,2008
81,2549,Chris Kaman,1610612746,LAC,27.0,3.3,5.6,0.58,0.7,1.5,0.489,0.6,1.4,0.429,0.6,1.3,0.462,0.0,0.1,0.333,2008
82,2036,Chris Mihm,1610612747,LAL,29.0,0.7,1.3,0.5,0.1,0.8,0.1,0.2,0.5,0.4,0.0,0.0,0.0,0.0,0.1,0.0,2008
83,101108,Chris Paul,1610612740,NOH,24.0,2.9,4.6,0.63,1.4,2.6,0.519,1.1,2.2,0.485,1.5,3.3,0.45,0.8,1.9,0.434,2008
84,200809,Chris Quinn,1610612748,MIA,25.0,0.3,0.6,0.405,0.1,0.3,0.3,0.2,0.3,0.5,0.3,0.8,0.36,0.7,1.5,0.459,2008
85,2404,Chris Wilcox,1610612752,NYK,26.0,2.3,3.6,0.631,0.5,1.5,0.31,0.2,0.7,0.317,0.0,0.2,0.231,0.0,0.1,0.25,2008
86,1088,Chucky Atkins,1610612760,OKC,34.0,0.2,0.5,0.313,0.0,0.1,0.0,0.0,0.1,0.0,0.3,0.7,0.478,0.4,1.4,0.25,2008
87,201147,Corey Brewer,1610612750,MIN,23.0,1.2,2.5,0.486,0.1,0.3,0.25,0.1,0.3,0.5,0.5,1.4,0.333,0.6,1.5,0.409,2008
88,1894,Corey Maggette,1610612744,GSW,29.0,2.9,4.8,0.609,0.5,1.2,0.381,0.4,1.0,0.423,0.8,2.3,0.365,0.9,2.0,0.427,2008
89,201584,Courtney Lee,1610612753,ORL,23.0,1.3,2.1,0.601,0.1,0.3,0.421,0.1,0.5,0.286,0.4,1.2,0.358,0.9,2.0,0.455,2008
90,201235,Courtney Sims,1610612752,NYK,25.0,1.5,2.0,0.75,0.0,0.5,0.0,0.0,0.0,0.0,0.0,0.5,0.0,0.0,0.0,0.0,2008
91,200783,Craig Smith,1610612750,MIN,25.0,2.9,4.6,0.621,0.7,1.5,0.478,0.1,0.4,0.286,0.2,0.4,0.519,0.0,0.0,0.0,2008
92,1749,Cuttino Mobley,1610612746,LAC,33.0,2.4,4.7,0.5,0.1,0.4,0.25,1.1,1.8,0.6,0.6,2.1,0.304,1.2,3.0,0.394,2008
93,201571,D.J. Augustin,1610612766,CHA,21.0,1.2,2.5,0.464,0.2,0.5,0.382,0.1,0.6,0.237,0.6,1.4,0.427,0.7,1.4,0.456,2008
94,2788,DJ Mbenga,1610612747,LAL,28.0,0.4,0.9,0.5,0.1,0.5,0.222,0.5,0.8,0.571,0.3,0.5,0.5,0.0,0.0,1.0,2008
95,201591,DJ White,1610612760,OKC,22.0,2.0,2.9,0.7,0.1,1.0,0.143,1.3,2.0,0.643,0.3,1.3,0.222,0.0,0.0,0.0,2008
96,201161,Daequan Cook,1610612748,MIA,22.0,0.3,0.6,0.522,0.0,0.2,0.214,0.1,0.4,0.367,0.5,1.5,0.33,1.5,4.0,0.384,2008
97,2563,Dahntay Jones,1610612743,DEN,28.0,1.2,2.3,0.544,0.2,0.5,0.341,0.1,0.2,0.375,0.3,0.8,0.313,0.2,0.4,0.467,2008
98,2863,Damien Wilkins,1610612760,OKC,29.0,0.5,1.1,0.447,0.1,0.5,0.118,0.1,0.4,0.357,0.4,1.2,0.319,0.7,1.8,0.371,2008
99,1800,Damon Jones,1610612749,MIL,32.0,0.0,0.1,0.0,0.0,0.0,0.0,0.0,0.1,0.0,0.0,0.2,0.0,0.4,0.9,0.429,2008
100,2429,Dan Gadzuric,1610612749,MIL,31.0,1.0,1.8,0.574,0.2,0.4,0.48,0.2,0.6,0.333,0.3,0.8,0.382,0.0,0.0,1.0,2008
101,200789,Daniel Gibson,1610612739,CLE,23.0,0.4,0.9,0.424,0.1,0.3,0.227,0.1,0.3,0.421,0.4,0.9,0.431,1.3,3.3,0.393,2008
102,201568,Danilo Gallinari,1610612752,NYK,20.0,0.4,0.6,0.556,0.1,0.2,0.6,0.0,0.2,0.25,0.2,0.5,0.357,1.1,2.2,0.508,2008
103,101122,Danny Granger,1610612754,IND,26.0,2.7,4.7,0.571,0.3,1.0,0.333,0.6,1.6,0.381,1.8,3.7,0.478,1.1,3.2,0.353,2008
104,2032,Darius Miles,1610612763,MEM,27.0,0.8,1.3,0.614,0.1,0.3,0.375,0.1,0.3,0.5,0.3,0.7,0.391,0.1,0.3,0.364,2008
105,2443,Darius Songaila,1610612764,WAS,31.0,1.6,2.6,0.605,0.4,0.9,0.478,0.2,0.4,0.545,0.6,1.2,0.478,0.4,0.9,0.433,2008
106,2545,Darko Milicic,1610612763,MEM,24.0,1.5,2.5,0.618,0.6,1.6,0.392,0.1,0.2,0.364,0.0,0.1,0.25,0.0,0.0,0.0,2008
107,201616,Darnell Jackson,1610612739,CLE,23.0,0.4,0.7,0.528,0.1,0.2,0.333,0.2,0.3,0.667,0.2,0.6,0.308,0.0,0.2,0.222,2008
108,201589,Darrell Arthur,1610612763,MEM,21.0,1.3,2.3,0.556,0.2,0.9,0.277,0.3,0.7,0.431,0.5,1.4,0.39,0.1,0.5,0.314,2008
109,101135,David Lee,1610612752,NYK,26.0,4.9,7.8,0.634,0.5,1.1,0.483,0.4,1.1,0.326,0.6,1.5,0.36,0.1,0.2,0.333,2008
110,2561,David West,1610612740,NOH,28.0,3.0,4.9,0.612,1.3,2.9,0.441,1.1,3.1,0.363,2.3,5.2,0.442,0.3,0.8,0.417,2008
111,201599,DeAndre Jordan,1610612746,LAC,20.0,1.7,2.5,0.672,0.1,0.2,0.3,0.0,0.0,0.0,0.0,0.0,0.0,0.0,0.0,0.0,2008
112,201634,DeMarcus Nelson,1610612744,GSW,23.0,1.3,2.2,0.607,0.3,0.7,0.375,0.0,0.1,0.0,0.2,0.8,0.2,0.2,0.4,0.4,2008
113,2205,DeSagana Diop,1610612766,CHA,27.0,0.8,1.5,0.536,0.1,0.4,0.219,0.1,0.2,0.294,0.0,0.1,0.2,0.0,0.0,0.0,2008
114,2052,DeShawn Stevenson,1610612764,WAS,28.0,0.4,1.0,0.424,0.0,0.2,0.2,0.0,0.1,0.25,0.4,1.3,0.325,0.7,2.3,0.293,2008
115,200793,Dee Brown,1610612756,PHX,24.0,0.6,0.9,0.611,0.0,0.2,0.0,0.0,0.1,0.0,0.0,0.1,0.0,0.1,0.4,0.25,2008
116,2753,Delonte West,1610612739,CLE,25.0,1.4,2.4,0.599,0.2,0.5,0.303,0.5,1.0,0.439,0.7,1.5,0.424,1.4,3.2,0.438,2008
117,201193,Demetris Nichols,1610612752,NYK,24.0,0.3,0.5,0.5,0.5,0.5,1.0,0.0,0.0,0.0,0.0,1.0,0.0,0.3,1.0,0.25,2008
118,965,Derek Fisher,1610612747,LAL,34.0,0.5,1.2,0.376,0.2,0.5,0.378,0.2,0.5,0.429,0.7,1.5,0.487,1.3,2.7,0.484,2008
119,101114,Deron Williams,1610612762,UTA,25.0,3.2,5.3,0.597,0.3,1.0,0.309,0.4,0.8,0.547,1.4,3.0,0.458,1.1,2.9,0.374,2008
120,201565,Derrick Rose,1610612741,CHI,20.0,3.5,6.1,0.571,0.5,1.1,0.448,0.6,1.5,0.366,1.9,4.1,0.454,0.6,1.5,0.403,2008
121,2824,Desmon Farmer,1610612759,SAS,27.0,0.3,0.7,0.5,0.0,0.0,0.0,0.0,0.0,0.0,0.0,0.0,0.0,0.7,3.3,0.2,2008
122,2046,Desmond Mason,1610612760,OKC,31.0,2.1,3.5,0.607,0.4,1.5,0.288,0.5,1.4,0.327,0.2,0.7,0.214,0.0,0.2,0.167,2008
123,1904,Devean George,1610612742,DAL,31.0,0.5,0.9,0.525,0.0,0.1,0.5,0.0,0.1,0.2,0.2,0.3,0.538,0.5,1.7,0.324,2008
124,2484,Devin Brown,1610612740,NOH,30.0,0.9,1.9,0.484,0.2,0.4,0.346,0.1,0.4,0.217,0.1,0.5,0.161,0.3,1.1,0.306,2008
125,2734,Devin Harris,1610612751,NJN,26.0,3.3,6.0,0.548,0.5,0.9,0.542,0.5,1.4,0.379,1.2,3.0,0.397,0.6,2.0,0.299,2008
126,87,Dikembe Mutombo,1610612745,HOU,43.0,0.6,1.4,0.385,0.0,0.0,0.0,0.0,0.0,0.0,0.0,0.0,0.0,0.0,0.0,0.0,2008
127,1717,Dirk Nowitzki,1610612742,DAL,31.0,1.8,3.1,0.594,0.6,1.5,0.383,2.4,5.0,0.484,3.7,7.6,0.479,0.7,1.7,0.441,2008
128,201187,Dominic McGuire,1610612764,WAS,23.0,1.0,2.0,0.503,0.1,0.3,0.231,0.1,0.2,0.333,0.4,1.0,0.447,0.2,0.6,0.298,2008
129,201590,Donte Greene,1610612758,SAC,21.0,0.5,1.1,0.448,0.1,0.3,0.4,0.0,0.1,0.286,0.1,0.6,0.207,0.4,1.5,0.284,2008
130,200971,Dontell Jefferson,1610612766,CHA,25.0,1.5,2.0,0.75,0.0,0.2,0.0,0.2,0.6,0.333,0.0,0.5,0.0,0.2,0.5,0.333,2008
131,923,Donyell Marshall,1610612755,PHI,36.0,0.2,0.4,0.545,0.0,0.1,0.0,0.0,0.0,0.0,0.0,0.1,0.0,0.7,1.4,0.471,2008
132,2748,Dorell Wright,1610612748,MIA,23.0,0.7,1.7,0.4,0.2,0.2,1.0,0.2,0.2,1.0,0.4,1.4,0.286,0.0,0.2,0.0,2008
133,2400,Drew Gooden,1610612759,SAS,27.0,1.6,2.9,0.553,0.9,1.6,0.55,0.7,1.6,0.463,1.1,2.8,0.383,0.4,1.1,0.352,2008
134,101204,Dwayne Jones,1610612766,CHA,26.0,0.5,1.0,0.5,0.2,0.2,1.0,0.0,0.0,0.0,0.0,0.0,0.0,0.0,0.0,0.0,2008
135,2730,Dwight Howard,1610612753,ORL,23.0,5.3,7.7,0.683,1.7,4.0,0.415,0.1,0.5,0.238,0.0,0.1,0.3,0.0,0.0,0.0,2008
136,2548,Dwyane Wade,1610612748,MIA,27.0,5.0,7.6,0.652,0.8,1.6,0.508,0.6,1.5,0.429,2.5,5.7,0.441,1.5,4.2,0.351,2008
137,2248,Earl Watson,1610612760,OKC,30.0,1.2,2.3,0.526,0.2,0.6,0.366,0.1,0.3,0.261,0.6,1.6,0.355,0.4,1.3,0.3,2008
138,2109,Eddie Gill,1610612749,MIL,30.0,0.3,0.5,0.667,0.0,0.3,0.0,0.0,0.0,0.0,0.3,0.3,1.0,0.0,0.0,0.0,2008
139,2067,Eddie House,1610612738,BOS,31.0,0.2,0.4,0.586,0.0,0.0,0.0,0.1,0.3,0.318,0.4,0.8,0.444,1.9,4.1,0.467,2008
140,2201,Eddy Curry,1610612752,NYK,26.0,0.7,0.7,1.0,0.0,0.0,0.0,,,,0.0,0.0,0.0,0.0,0.0,0.0,2008
141,2059,Eduardo Najera,1610612751,NJN,32.0,0.9,1.3,0.657,0.1,0.3,0.333,0.0,0.1,0.0,0.1,0.2,0.5,0.2,0.6,0.25,2008
142,1882,Elton Brand,1610612755,PHI,30.0,1.8,3.6,0.51,1.0,2.5,0.391,1.6,3.6,0.437,1.3,2.9,0.435,0.0,0.1,0.25,2008
143,2731,Emeka Okafor,1610612766,CHA,26.0,4.0,6.1,0.661,0.7,1.9,0.388,0.4,1.1,0.368,0.1,0.4,0.353,0.0,0.0,0.0,2008
144,201569,Eric Gordon,1610612746,LAC,20.0,2.3,4.0,0.579,0.2,0.5,0.341,0.1,0.4,0.281,0.6,1.3,0.47,1.2,2.7,0.447,2008
145,956,Erick Dampier,1610612742,DAL,33.0,2.1,3.1,0.688,0.1,0.3,0.364,0.0,0.1,0.375,0.0,0.0,0.333,0.0,0.0,0.0,2008
146,2041,Etan Thomas,1610612764,WAS,31.0,0.9,1.7,0.533,0.3,0.6,0.438,0.0,0.2,0.25,0.0,0.0,0.0,0.0,0.0,0.0,2008
147,101177,Fabricio Oberto,1610612759,SAS,34.0,0.9,1.1,0.742,0.1,0.4,0.278,0.2,0.3,0.467,0.1,0.2,0.375,0.0,0.0,0.0,2008
148,1922,Francisco Elson,1610612749,MIL,33.0,0.9,1.5,0.593,0.1,0.1,0.375,0.2,0.4,0.462,0.2,0.6,0.316,0.1,0.2,0.556,2008
149,101128,Francisco Garcia,1610612758,SAC,27.0,1.7,2.8,0.609,0.1,0.4,0.24,0.2,0.5,0.412,0.6,1.8,0.35,1.3,3.2,0.424,2008
150,2410,Fred Jones,1610612746,LAC,30.0,0.9,1.8,0.516,0.1,0.3,0.385,0.2,0.3,0.533,0.2,0.6,0.29,0.6,1.5,0.377,2008
151,201172,Gabe Pruitt,1610612738,BOS,23.0,0.1,0.2,0.273,0.0,0.1,0.0,0.0,0.1,0.0,0.2,0.4,0.467,0.4,1.3,0.291,2008
152,201588,George Hill,1610612759,SAS,23.0,1.1,1.9,0.55,0.1,0.4,0.308,0.1,0.2,0.294,0.3,1.0,0.289,0.4,1.0,0.359,2008
153,101123,Gerald Green,1610612742,DAL,23.0,0.8,1.2,0.63,0.2,0.4,0.5,0.2,0.7,0.35,0.6,1.3,0.457,0.3,1.2,0.279,2008
154,2222,Gerald Wallace,1610612766,CHA,26.0,4.5,8.0,0.559,0.1,0.4,0.192,0.0,0.1,0.25,0.3,0.7,0.36,0.5,1.8,0.279,2008
155,2240,Gilbert Arenas,1610612764,WAS,27.0,0.5,4.0,0.125,0.5,0.5,1.0,0.0,0.0,0.0,0.5,2.5,0.2,0.5,3.5,0.143,2008
156,201175,Glen Davis,1610612738,BOS,23.0,1.3,2.3,0.554,0.1,0.5,0.256,0.1,0.5,0.237,0.8,2.0,0.413,0.3,0.6,0.467,2008
157,201609,Goran Dragic,1610612756,PHX,23.0,0.6,1.3,0.425,0.1,0.2,0.667,0.1,0.3,0.333,0.4,1.0,0.411,0.2,0.7,0.25,2008
158,255,Grant Hill,1610612756,PHX,36.0,2.3,3.6,0.645,0.5,1.1,0.5,0.6,1.1,0.5,0.9,2.1,0.432,0.4,1.0,0.397,2008
159,1761,Greg Buckner,1610612763,MEM,32.0,0.5,1.0,0.475,0.1,0.2,0.4,0.1,0.2,0.5,0.1,0.3,0.4,0.2,0.6,0.333,2008
160,201141,Greg Oden,1610612757,POR,21.0,2.7,4.2,0.645,0.5,1.3,0.359,0.1,0.3,0.313,0.0,0.0,0.0,0.0,0.0,0.0,2008
161,101124,Hakim Warrick,1610612763,MEM,26.0,2.6,4.1,0.618,0.4,1.1,0.376,0.2,0.5,0.349,0.6,1.6,0.374,0.4,0.9,0.39,2008
162,201632,Hamed Haddadi,1610612763,MEM,24.0,0.4,0.7,0.615,0.3,0.7,0.364,0.2,0.3,0.667,0.1,0.1,0.5,0.0,0.1,0.0,2008
163,200801,Hassan Adams,1610612761,TOR,25.0,0.2,0.5,0.333,0.0,0.3,0.0,0.0,0.3,0.0,0.0,0.1,0.0,0.2,0.2,1.0,2008
164,2045,Hedo Turkoglu,1610612753,ORL,30.0,1.9,3.6,0.525,0.2,0.8,0.302,0.6,1.3,0.447,0.7,1.8,0.41,1.0,2.9,0.359,2008
165,201611,Henry Walker,1610612738,BOS,21.0,1.0,1.3,0.718,0.0,0.0,0.0,0.1,0.2,0.333,0.2,0.4,0.455,0.1,0.2,0.5,2008
166,200756,Hilton Armstrong,1610612740,NOH,24.0,1.4,2.1,0.664,0.3,0.6,0.488,0.1,0.4,0.296,0.1,0.3,0.375,0.0,0.0,1.0,2008
167,101113,Ike Diogu,1610612758,SAC,25.0,0.6,1.2,0.514,0.3,0.8,0.429,0.3,0.7,0.4,0.2,0.3,0.625,0.2,0.2,1.0,2008
168,2137,Ime Udoka,1610612759,SAS,31.0,0.4,0.8,0.436,0.1,0.1,0.714,0.1,0.3,0.278,0.5,1.1,0.439,0.7,1.8,0.381,2008
169,201592,J.R. Giddens,1610612738,BOS,24.0,0.2,0.2,1.0,0.0,0.0,0.0,0.0,0.0,0.0,0.3,0.7,0.5,0.0,0.0,0.0,2008
170,2747,J.R. Smith,1610612743,DEN,23.0,1.5,2.6,0.585,0.2,0.6,0.422,0.1,0.3,0.2,0.7,1.5,0.449,1.5,3.3,0.44,2008
171,201581,JJ Hickson,1610612739,CLE,20.0,1.3,2.0,0.63,0.1,0.5,0.192,0.0,0.2,0.083,0.2,0.5,0.423,0.1,0.1,1.0,2008
172,200755,JJ Redick,1610612753,ORL,25.0,0.3,0.4,0.615,0.0,0.0,1.0,0.1,0.3,0.4,0.3,0.8,0.435,0.6,1.9,0.33,2008
173,201580,JaVale McGee,1610612764,WAS,21.0,2.0,3.5,0.579,0.3,1.0,0.294,0.1,0.4,0.267,0.1,0.3,0.423,0.0,0.0,0.5,2008
174,1521,Jacque Vaughn,1610612759,SAS,34.0,0.2,1.0,0.207,0.0,0.1,0.333,0.0,0.1,0.333,0.3,1.0,0.269,0.3,0.5,0.643,2008
175,2063,Jake Voskuhl,1610612761,TOR,31.0,0.1,0.3,0.385,0.0,0.2,0.0,0.1,0.2,0.667,0.1,0.6,0.1,0.0,0.0,1.0,2008
176,2048,Jamaal Magloire,1610612748,MIA,31.0,1.1,1.7,0.637,0.1,0.6,0.206,0.0,0.1,0.0,0.0,0.0,0.0,0.0,0.0,0.0,2008
177,2037,Jamal Crawford,1610612744,GSW,29.0,1.4,2.7,0.525,0.3,0.8,0.377,0.4,1.2,0.387,1.7,4.0,0.415,1.4,3.3,0.413,2008
178,200081,Jamario Moon,1610612748,MIA,29.0,1.1,1.5,0.761,0.0,0.1,0.25,0.0,0.1,0.2,0.5,1.2,0.436,0.9,2.3,0.379,2008
179,2749,Jameer Nelson,1610612753,ORL,27.0,1.7,3.0,0.575,0.3,0.8,0.375,0.4,0.9,0.444,1.2,2.4,0.52,1.9,3.5,0.544,2008
180,2592,James Jones,1610612748,MIA,28.0,0.0,0.1,0.0,0.0,0.1,0.5,0.1,0.2,0.5,0.3,0.6,0.417,0.9,2.5,0.372,2008
181,1899,James Posey,1610612740,NOH,32.0,0.9,1.6,0.537,0.2,0.5,0.441,0.1,0.3,0.476,0.1,0.3,0.333,1.1,2.6,0.399,2008
182,101189,James Singleton,1610612742,DAL,27.0,1.3,1.8,0.708,0.1,0.3,0.286,0.1,0.2,0.6,0.2,0.5,0.37,0.3,0.8,0.306,2008
183,200778,James White,1610612745,HOU,26.0,0.3,0.3,1.0,0.0,0.0,0.0,0.0,0.0,0.0,0.0,0.3,0.0,0.7,1.0,0.667,2008
184,201162,Jared Dudley,1610612756,PHX,23.0,0.8,1.4,0.576,0.1,0.3,0.316,0.1,0.2,0.571,0.4,0.9,0.5,0.5,1.3,0.413,2008
185,2407,Jared Jeffries,1610612752,NYK,27.0,1.7,3.0,0.547,0.0,0.2,0.0,0.0,0.2,0.083,0.2,0.6,0.353,0.3,0.8,0.326,2008
186,101127,Jarrett Jack,1610612754,IND,25.0,1.6,3.0,0.525,0.5,1.1,0.446,0.5,1.0,0.494,1.0,2.0,0.491,0.8,2.1,0.367,2008
187,2260,Jarron Collins,1610612762,UTA,30.0,0.4,0.8,0.5,0.0,0.1,0.0,0.2,0.2,0.75,0.1,0.3,0.25,0.0,0.1,0.5,2008
188,2553,Jarvis Hayes,1610612751,NJN,27.0,0.9,1.3,0.636,0.1,0.3,0.368,0.3,0.7,0.463,0.7,1.7,0.403,1.1,2.8,0.401,2008
189,2215,Jason Collins,1610612750,MIN,30.0,0.5,0.9,0.517,0.1,0.3,0.25,0.0,0.4,0.1,0.1,0.7,0.174,0.0,0.0,0.0,2008
190,2078,Jason Hart,1610612743,DEN,31.0,0.2,0.6,0.36,0.1,0.2,0.4,0.0,0.3,0.143,0.2,0.8,0.31,0.3,0.6,0.409,2008
191,2574,Jason Kapono,1610612761,TOR,28.0,0.3,0.6,0.457,0.2,0.4,0.5,0.2,0.6,0.306,1.0,2.2,0.425,1.3,2.7,0.47,2008
192,467,Jason Kidd,1610612742,DAL,36.0,0.7,1.4,0.469,0.1,0.2,0.4,0.1,0.3,0.308,0.2,0.7,0.333,1.5,3.5,0.413,2008
193,101131,Jason Maxiell,1610612765,DET,26.0,1.7,2.4,0.717,0.2,0.3,0.72,0.2,0.5,0.41,0.2,0.8,0.25,0.0,0.1,0.0,2008
194,2202,Jason Richardson,1610612756,PHX,28.0,3.0,4.5,0.654,0.6,1.4,0.404,0.3,0.7,0.404,0.7,1.8,0.389,1.1,3.0,0.385,2008
195,1891,Jason Terry,1610612742,DAL,31.0,1.6,2.7,0.607,0.5,1.0,0.521,0.7,1.4,0.515,1.8,3.7,0.487,1.9,4.4,0.426,2008
196,201574,Jason Thompson,1610612758,SAC,22.0,2.9,5.0,0.587,0.5,1.5,0.367,0.2,0.7,0.321,0.6,1.4,0.429,0.1,0.2,0.438,2008
197,201159,Javaris Crittenton,1610612764,WAS,21.0,1.7,2.8,0.588,0.1,0.5,0.259,0.0,0.2,0.182,0.1,0.5,0.233,0.2,0.5,0.323,2008
198,101214,Jawad Williams,1610612739,CLE,26.0,0.1,0.2,0.5,0.0,0.3,0.0,0.5,0.5,1.0,0.0,0.3,0.0,0.5,0.8,0.6,2008
199,1902,Jeff Foster,1610612754,IND,32.0,1.9,3.2,0.591,0.1,0.3,0.429,0.0,0.2,0.167,0.3,0.9,0.317,0.1,0.2,0.375,2008
200,201145,Jeff Green,1610612760,OKC,22.0,2.9,4.8,0.592,0.4,1.3,0.354,0.4,1.1,0.364,0.9,2.5,0.357,1.1,2.8,0.377,2008
201,200978,Jeremy Richardson,1610612753,ORL,25.0,0.2,0.3,0.5,0.0,0.5,0.0,0.1,0.5,0.25,0.2,0.9,0.182,0.4,1.6,0.263,2008
202,979,Jermaine O'Neal,1610612748,MIA,30.0,2.4,3.9,0.606,1.2,2.6,0.469,1.0,2.6,0.374,0.8,2.0,0.367,0.1,0.3,0.412,2008
203,201176,Jermareo Davidson,1610612744,GSW,24.0,0.5,0.8,0.636,0.0,0.2,0.0,0.3,0.5,0.5,0.5,1.2,0.462,0.1,0.3,0.333,2008
204,1744,Jerome James,1610612752,NYK,33.0,0.0,0.0,0.0,1.5,2.5,0.6,0.0,1.0,0.0,0.0,0.0,0.0,0.0,0.5,0.0,2008
205,711,Jerry Stackhouse,1610612742,DAL,34.0,0.7,1.4,0.5,0.0,0.2,0.0,0.3,0.9,0.333,0.1,1.2,0.083,0.4,1.9,0.211,2008
206,201573,Jerryd Bayless,1610612757,POR,20.0,0.9,1.8,0.474,0.1,0.2,0.364,0.0,0.2,0.2,0.1,0.6,0.207,0.2,0.7,0.286,2008
207,201149,Joakim Noah,1610612741,CHI,24.0,2.5,4.3,0.582,0.1,0.3,0.24,0.0,0.1,0.75,0.0,0.0,0.0,0.0,0.0,0.0,2008
208,201570,Joe Alexander,1610612749,MIL,22.0,0.8,1.3,0.59,0.1,0.4,0.263,0.2,0.7,0.278,0.4,0.9,0.404,0.3,0.7,0.35,2008
209,201621,Joe Crawford,1610612752,NYK,23.0,1.0,2.0,0.5,0.0,0.5,0.0,0.0,0.5,0.0,0.0,0.0,0.0,0.5,2.0,0.25,2008
210,2207,Joe Johnson,1610612737,ATL,28.0,2.2,3.8,0.584,1.4,2.9,0.476,0.8,1.7,0.444,1.5,3.7,0.395,1.0,2.7,0.352,2008
211,693,Joe Smith,1610612739,CLE,33.0,1.1,1.7,0.633,0.3,0.8,0.378,0.3,0.5,0.483,0.8,2.2,0.382,0.3,0.6,0.417,2008
212,201202,Joel Anthony,1610612748,MIA,26.0,0.7,1.3,0.561,0.1,0.4,0.333,0.0,0.1,0.286,0.0,0.1,0.2,0.0,0.0,0.0,2008
213,2038,Joel Przybilla,1610612757,POR,29.0,1.9,3.0,0.629,0.2,0.2,0.632,0.0,0.0,0.0,0.0,0.0,0.0,0.0,0.0,0.0,2008
214,201595,Joey Dorsey,1610612745,HOU,25.0,0.3,0.7,0.5,,,,0.0,0.0,0.0,0.0,0.0,0.0,0.0,0.0,0.0,2008
215,101121,Joey Graham,1610612761,TOR,27.0,1.6,2.8,0.583,0.5,1.0,0.449,0.2,0.5,0.459,0.6,1.5,0.385,0.1,0.3,0.292,2008
216,101130,Johan Petro,1610612743,DEN,23.0,0.7,1.2,0.576,0.3,0.8,0.361,0.2,0.7,0.276,0.3,1.0,0.34,0.0,0.1,0.5,2008
217,2422,John Salmons,1610612741,CHI,29.0,2.8,4.4,0.637,0.4,1.1,0.33,0.5,1.4,0.327,1.2,2.7,0.431,1.2,2.7,0.427,2008
218,200770,Jordan Farmar,1610612747,LAL,22.0,1.1,2.2,0.514,0.1,0.3,0.273,0.2,0.4,0.379,0.2,0.7,0.326,0.4,1.3,0.321,2008
219,101181,Jose Calderon,1610612761,TOR,27.0,1.4,1.9,0.754,0.0,0.1,0.0,0.2,0.3,0.5,1.3,2.8,0.453,1.3,2.9,0.464,2008
220,200826,Jose Juan Barea,1610612742,DAL,25.0,1.5,2.9,0.515,0.2,0.6,0.34,0.1,0.4,0.393,0.4,0.9,0.493,0.5,1.4,0.373,2008
221,200767,Josh Boone,1610612751,NJN,24.0,1.6,2.6,0.591,0.1,0.3,0.294,0.1,0.3,0.471,0.0,0.2,0.2,0.0,0.0,0.0,2008
222,2572,Josh Howard,1610612742,DAL,29.0,2.2,3.6,0.62,0.7,1.5,0.461,0.7,2.1,0.324,1.7,3.6,0.466,1.2,3.3,0.371,2008
223,201177,Josh McRoberts,1610612754,IND,22.0,0.8,1.4,0.553,0.1,0.3,0.286,0.0,0.1,0.5,0.2,0.5,0.333,0.0,0.1,0.25,2008
224,2694,Josh Powell,1610612747,LAL,26.0,0.8,1.5,0.549,0.1,0.7,0.194,0.2,0.6,0.433,0.5,1.2,0.423,0.1,0.2,0.545,2008
225,2746,Josh Smith,1610612737,ATL,23.0,3.9,6.0,0.649,0.8,1.9,0.414,0.1,0.6,0.205,0.4,1.5,0.248,0.6,1.4,0.444,2008
226,2413,Juan Dixon,1610612764,WAS,30.0,0.6,1.1,0.536,0.1,0.3,0.313,0.2,0.7,0.3,0.4,1.0,0.396,0.4,1.2,0.367,2008
227,201153,Julian Wright,1610612740,NOH,22.0,1.1,1.9,0.564,0.3,0.5,0.565,0.3,0.7,0.406,0.4,1.0,0.429,0.1,0.5,0.208,2008
228,436,Juwan Howard,1610612766,CHA,36.0,0.7,1.2,0.62,0.2,0.6,0.304,0.4,0.7,0.522,0.6,1.2,0.51,0.0,0.1,0.0,2008
229,2416,Kareem Rush,1610612755,PHI,28.0,0.2,0.3,0.625,0.0,0.1,0.0,0.1,0.2,0.667,0.0,0.3,0.143,0.4,1.1,0.32,2008
230,2586,Keith Bogans,1610612749,MIL,29.0,0.6,1.1,0.541,0.0,0.2,0.1,0.0,0.1,0.0,0.0,0.2,0.3,0.8,2.2,0.338,2008
231,101235,Kelenna Azubuike,1610612744,GSW,25.0,2.7,4.8,0.572,0.3,0.9,0.297,0.1,0.6,0.262,0.5,1.4,0.355,0.9,2.1,0.442,2008
232,2570,Kendrick Perkins,1610612738,BOS,24.0,2.9,4.4,0.651,0.5,1.3,0.406,0.1,0.4,0.296,0.1,0.2,0.571,0.0,0.0,1.0,2008
233,1903,Kenny Thomas,1610612758,SAC,31.0,0.4,0.6,0.6,0.0,0.4,0.0,0.0,0.0,0.0,0.0,0.0,0.0,0.0,0.0,0.0,2008
234,2030,Kenyon Martin,1610612743,DEN,31.0,2.8,4.2,0.657,0.9,2.0,0.444,0.1,0.7,0.196,0.5,1.6,0.333,0.4,1.1,0.389,2008
235,201142,Kevin Durant,1610612760,OKC,20.0,3.5,5.3,0.662,0.6,1.5,0.376,0.8,2.4,0.324,2.3,5.1,0.458,1.1,3.0,0.375,2008
236,708,Kevin Garnett,1610612738,BOS,33.0,2.7,3.6,0.746,1.0,2.0,0.491,0.9,2.0,0.455,1.5,3.4,0.448,0.8,2.0,0.42,2008
237,201567,Kevin Love,1610612750,MIN,20.0,2.6,4.7,0.548,0.5,1.2,0.408,0.2,0.6,0.288,0.5,1.2,0.398,0.2,0.6,0.292,2008
238,2755,Kevin Martin,1610612758,SAC,26.0,1.8,3.4,0.531,0.4,1.1,0.407,0.5,1.2,0.371,1.2,3.3,0.359,1.9,4.5,0.424,2008
239,1563,Kevin Ollie,1610612750,MIN,36.0,0.6,1.0,0.56,0.1,0.3,0.308,0.1,0.3,0.357,0.4,1.3,0.339,0.1,0.2,0.3,2008
240,2039,Keyon Dooling,1610612751,NJN,29.0,1.1,1.9,0.607,0.2,0.4,0.484,0.3,0.7,0.373,0.3,0.9,0.301,1.2,2.8,0.42,2008
241,2550,Kirk Hinrich,1610612741,CHI,28.0,0.5,1.0,0.54,0.2,0.3,0.529,0.2,0.5,0.321,0.8,2.0,0.426,1.4,3.1,0.455,2008
242,977,Kobe Bryant,1610612747,LAL,30.0,2.9,4.5,0.65,1.0,2.2,0.462,1.3,3.0,0.447,2.2,5.1,0.431,1.2,3.2,0.384,2008
243,201585,Kosta Koufos,1610612762,UTA,20.0,1.4,2.3,0.622,0.3,0.7,0.444,0.1,0.4,0.188,0.2,0.6,0.333,0.0,0.2,0.286,2008
244,2743,Kris Humphries,1610612761,TOR,24.0,0.8,1.4,0.537,0.0,0.4,0.111,0.1,0.5,0.273,0.4,1.1,0.414,0.0,0.0,0.0,2008
245,703,Kurt Thomas,1610612759,SAS,36.0,0.6,1.1,0.576,0.2,0.4,0.517,0.3,0.5,0.525,0.8,1.8,0.468,0.0,0.1,0.3,2008
246,2198,Kwame Brown,1610612765,DET,27.0,1.3,2.1,0.612,0.2,0.5,0.462,0.1,0.3,0.267,0.0,0.1,0.0,0.0,0.0,0.0,2008
247,2594,Kyle Korver,1610612762,UTA,28.0,0.4,0.7,0.491,0.0,0.1,0.333,0.1,0.4,0.333,1.1,2.0,0.526,1.3,3.2,0.417,2008
248,200768,Kyle Lowry,1610612745,HOU,23.0,1.3,2.5,0.528,0.2,0.4,0.353,0.1,0.4,0.269,0.4,0.6,0.6,0.4,1.2,0.333,2008
249,201602,Kyle Weaver,1610612760,OKC,23.0,1.0,1.6,0.587,0.2,0.3,0.643,0.0,0.1,0.143,0.1,0.4,0.174,0.6,1.4,0.403,2008
250,201178,Kyrylo Fesenko,1610612762,UTA,22.0,1.0,1.4,0.667,0.0,0.2,0.0,0.0,0.1,0.0,0.0,0.1,0.0,0.1,0.1,1.0,2008
251,200746,LaMarcus Aldridge,1610612757,POR,23.0,2.8,4.3,0.652,1.2,2.7,0.439,1.0,2.3,0.439,1.8,4.0,0.434,0.7,1.9,0.358,2008
252,1885,Lamar Odom,1610612747,LAL,29.0,3.0,5.1,0.589,0.3,1.0,0.36,0.2,0.5,0.361,0.3,0.8,0.435,0.4,1.1,0.36,2008
253,1716,Larry Hughes,1610612752,NYK,30.0,1.0,1.8,0.525,0.1,0.6,0.194,0.2,0.6,0.387,0.8,2.0,0.422,1.4,3.7,0.379,2008
254,2544,LeBron James,1610612739,CLE,24.0,5.1,7.0,0.721,0.6,1.4,0.414,0.3,1.2,0.242,1.1,2.6,0.404,1.7,4.5,0.378,2008
255,2571,Leandro Barbosa,1610612756,PHX,26.0,2.5,3.8,0.642,0.3,0.9,0.361,0.2,0.9,0.267,0.6,1.2,0.483,1.2,2.6,0.448,2008
256,200796,Leon Powe,1610612738,BOS,25.0,2.3,4.0,0.582,0.2,0.7,0.267,0.0,0.1,0.333,0.0,0.1,0.0,0.0,0.0,0.0,2008
257,101132,Linas Kleiza,1610612743,DEN,24.0,2.0,3.0,0.656,0.3,0.7,0.393,0.1,0.3,0.19,0.1,0.4,0.276,0.8,2.6,0.314,2008
258,283,Lindsey Hunter,1610612741,CHI,38.0,0.3,0.5,0.692,0.0,0.1,0.0,0.0,0.2,0.25,0.0,0.3,0.111,0.4,1.1,0.333,2008
259,2669,Linton Johnson,1610612741,CHI,29.0,0.2,0.2,1.0,0.0,0.2,0.0,0.0,0.1,0.0,0.1,0.3,0.333,0.1,0.4,0.25,2008
260,953,Lorenzen Wright,1610612739,CLE,33.0,0.3,0.6,0.455,0.0,0.1,0.0,0.1,0.4,0.25,0.3,0.7,0.364,0.0,0.0,0.0,2008
261,200811,Lou Amundson,1610612756,PHX,26.0,1.5,2.5,0.597,0.1,0.5,0.25,0.1,0.2,0.357,0.1,0.2,0.583,0.0,0.0,0.0,2008
262,101150,Lou Williams,1610612755,PHI,22.0,1.9,3.8,0.503,0.3,0.6,0.392,0.3,0.8,0.379,0.7,1.8,0.388,0.6,1.9,0.298,2008
263,201601,Luc Mbah a Moute,1610612749,MIL,22.0,1.8,3.1,0.578,0.1,0.2,0.25,0.1,0.4,0.278,0.7,1.8,0.37,0.1,0.4,0.313,2008
264,2449,Luis Scola,1610612745,HOU,29.0,2.9,4.8,0.607,0.6,1.3,0.476,0.3,0.8,0.394,1.2,2.5,0.471,0.1,0.2,0.45,2008
265,2557,Luke Ridnour,1610612749,MIL,28.0,0.5,1.3,0.396,0.3,0.7,0.38,0.4,0.8,0.45,1.3,2.8,0.456,0.6,1.6,0.365,2008
266,2575,Luke Walton,1610612747,LAL,29.0,0.8,1.4,0.604,0.4,0.9,0.375,0.2,0.5,0.4,0.3,0.7,0.372,0.4,1.2,0.365,2008
267,2736,Luol Deng,1610612741,CHI,24.0,2.4,4.2,0.578,0.3,0.9,0.341,0.3,0.7,0.417,1.3,3.5,0.37,1.0,2.6,0.394,2008
268,101129,Luther Head,1610612748,MIA,26.0,0.7,1.3,0.525,0.1,0.4,0.273,0.1,0.4,0.3,0.2,0.5,0.313,0.5,1.4,0.333,2008
269,1766,Maceo Baston,1610612754,IND,33.0,0.8,1.3,0.6,0.0,0.0,1.0,0.1,0.3,0.286,0.0,0.1,0.5,0.0,0.0,0.0,2008
270,2124,Malik Allen,1610612749,MIL,31.0,0.3,0.7,0.406,0.1,0.3,0.455,0.4,0.8,0.541,0.6,1.5,0.417,0.1,0.4,0.294,2008
271,201612,Malik Hairston,1610612759,SAS,22.0,1.2,1.9,0.621,0.0,0.1,0.0,0.2,0.2,1.0,0.2,0.6,0.286,0.2,0.9,0.2,2008
272,990,Malik Rose,1610612760,OKC,34.0,0.4,0.9,0.457,0.2,0.6,0.3,0.1,0.4,0.308,0.3,1.0,0.256,0.2,0.5,0.45,2008
273,1938,Manu Ginobili,1610612759,SAS,31.0,2.3,3.3,0.673,0.3,0.6,0.423,0.3,0.8,0.394,0.5,1.3,0.397,1.1,3.1,0.36,2008
274,201188,Marc Gasol,1610612763,MEM,24.0,2.5,4.0,0.637,1.1,2.5,0.434,0.2,0.7,0.321,0.3,0.6,0.519,0.1,0.3,0.348,2008
275,101162,Marcin Gortat,1610612753,ORL,25.0,1.2,1.9,0.653,0.3,0.6,0.486,0.1,0.4,0.364,0.1,0.2,0.3,0.0,0.0,0.0,2008
276,201158,Marco Belinelli,1610612744,GSW,23.0,0.9,1.5,0.607,0.2,0.4,0.471,0.2,0.4,0.471,0.5,1.3,0.346,1.0,2.3,0.453,2008
277,2556,Marcus Banks,1610612761,TOR,27.0,0.6,1.0,0.636,0.0,0.1,0.0,0.0,0.1,0.0,0.2,0.5,0.333,0.1,0.9,0.167,2008
278,948,Marcus Camby,1610612746,LAC,35.0,2.8,4.2,0.669,0.2,0.6,0.306,0.3,0.8,0.333,0.7,1.8,0.377,0.1,0.5,0.265,2008
279,201173,Marcus Williams,1610612759,SAS,22.0,0.0,0.0,0.0,1.0,1.0,1.0,1.0,1.0,1.0,0.0,0.0,0.0,0.0,0.0,0.0,2008
280,200766,Marcus Williams,1610612744,GSW,23.0,0.2,0.6,0.4,0.0,0.0,0.0,0.0,0.0,0.0,0.0,0.6,0.0,0.0,0.1,0.0,2008
281,200776,Mardy Collins,1610612746,LAC,24.0,1.2,2.3,0.509,0.5,1.5,0.313,0.2,0.4,0.368,0.1,0.3,0.438,0.2,0.6,0.44,2008
282,201596,Mario Chalmers,1610612748,MIA,23.0,1.0,2.1,0.472,0.3,0.7,0.475,0.1,0.3,0.409,0.4,0.7,0.509,1.0,2.6,0.385,2008
283,201238,Mario West,1610612737,ATL,25.0,0.2,0.5,0.481,0.0,0.0,0.0,0.0,0.1,0.0,0.0,0.1,0.0,0.0,0.1,0.0,2008
284,1548,Mark Blount,1610612748,MIA,33.0,0.3,0.4,0.714,0.1,0.3,0.4,0.2,0.5,0.375,0.4,1.2,0.304,0.5,1.3,0.346,2008
285,2058,Mark Madsen,1610612750,MIN,33.0,0.1,0.4,0.286,0.1,0.3,0.25,0.0,0.2,0.0,0.0,0.0,0.0,0.0,0.0,0.0,2008
286,2060,Marko Jaric,1610612763,MEM,30.0,0.5,1.1,0.407,0.0,0.2,0.182,0.0,0.2,0.1,0.1,0.4,0.286,0.2,0.5,0.296,2008
287,2605,Marquis Daniels,1610612754,IND,28.0,3.3,5.5,0.606,0.7,1.8,0.411,0.6,1.5,0.413,0.6,1.7,0.352,0.3,1.5,0.213,2008
288,201578,Marreese Speights,1610612755,PHI,21.0,2.0,3.2,0.625,0.2,0.6,0.372,0.3,0.8,0.367,0.6,1.6,0.407,0.1,0.3,0.28,2008
289,101110,Martell Webster,1610612757,POR,22.0,0.0,0.0,0.0,0.0,0.0,0.0,0.0,0.0,0.0,0.0,0.0,0.0,0.0,0.0,0.0,2008
290,101107,Marvin Williams,1610612737,ATL,23.0,2.0,3.4,0.591,0.6,1.4,0.44,0.3,0.8,0.362,0.6,1.4,0.448,0.8,2.2,0.351,2008
291,2440,Matt Barnes,1610612756,PHX,29.0,1.4,2.2,0.633,0.5,1.0,0.456,0.1,0.4,0.333,0.1,0.4,0.25,1.1,3.1,0.362,2008
292,2588,Matt Bonner,1610612759,SAS,29.0,0.6,1.0,0.56,0.4,0.6,0.604,0.3,0.5,0.535,0.4,0.8,0.525,1.2,2.7,0.442,2008
293,2679,Matt Carroll,1610612742,DAL,28.0,0.2,0.4,0.478,0.1,0.2,0.444,0.1,0.3,0.308,0.3,0.7,0.417,0.6,1.5,0.389,2008
294,1723,Matt Harpring,1610612762,UTA,33.0,0.8,1.5,0.552,0.2,0.5,0.407,0.3,0.5,0.5,0.5,1.2,0.392,0.1,0.3,0.25,2008
295,200772,Maurice Ager,1610612751,NJN,25.0,0.6,1.0,0.632,0.0,0.1,0.0,0.0,0.1,0.0,0.1,0.6,0.125,0.1,0.5,0.2,2008
296,2230,Maurice Evans,1610612737,ATL,30.0,0.9,1.7,0.551,0.1,0.2,0.313,0.1,0.2,0.571,0.3,0.7,0.375,0.7,1.9,0.374,2008
297,2246,Mehmet Okur,1610612762,UTA,30.0,2.3,3.8,0.604,0.6,1.3,0.421,0.6,1.2,0.455,0.7,1.6,0.452,1.4,3.5,0.418,2008
298,2408,Melvin Ely,1610612740,NOH,31.0,0.7,1.3,0.561,0.2,1.0,0.192,0.2,0.7,0.263,0.1,0.3,0.5,0.0,0.0,0.0,2008
299,1897,Metta World Peace,1610612745,HOU,29.0,1.9,4.0,0.48,0.2,0.8,0.232,0.3,0.9,0.333,0.8,2.1,0.372,1.7,4.5,0.372,2008
300,201563,Michael Beasley,1610612748,MIA,20.0,2.1,3.8,0.544,0.7,1.5,0.463,0.5,1.2,0.408,1.5,3.0,0.486,0.7,2.0,0.37,2008
301,714,Michael Finley,1610612759,SAS,36.0,0.5,0.8,0.609,0.2,0.4,0.514,0.3,0.8,0.438,0.8,2.0,0.406,1.4,3.3,0.414,2008
302,2072,Michael Redd,1610612749,MIL,29.0,3.2,4.9,0.648,0.5,1.0,0.485,0.4,1.4,0.304,1.2,3.0,0.41,1.1,3.3,0.321,2008
303,1913,Michael Ruffin,1610612757,POR,32.0,0.2,0.6,0.286,0.0,0.0,0.0,0.0,0.0,0.0,0.0,0.0,0.0,0.0,0.0,0.0,2008
304,2554,Mickael Pietrus,1610612753,ORL,27.0,1.2,2.0,0.573,0.1,0.3,0.214,0.0,0.1,0.4,0.3,0.7,0.385,1.4,3.9,0.367,2008
305,1710,Mike Bibby,1610612737,ATL,31.0,0.8,1.1,0.69,0.2,0.5,0.419,0.2,0.3,0.48,1.5,3.6,0.402,1.5,3.4,0.434,2008
306,201144,Mike Conley,1610612763,MEM,21.0,1.5,2.9,0.519,0.2,0.8,0.323,0.2,0.6,0.364,0.5,1.3,0.437,0.9,2.1,0.426,2008
307,2399,Mike Dunleavy,1610612754,IND,28.0,1.7,2.9,0.577,0.3,0.9,0.294,0.2,0.7,0.333,0.8,2.3,0.333,1.3,3.4,0.377,2008
308,2229,Mike James,1610612764,WAS,34.0,0.9,2.0,0.443,0.2,0.8,0.204,0.1,0.4,0.24,0.5,1.2,0.378,1.1,2.6,0.41,2008
309,2034,Mike Miller,1610612750,MIN,29.0,1.5,2.4,0.634,0.2,0.3,0.6,0.0,0.1,0.111,0.3,0.7,0.5,1.0,2.2,0.441,2008
310,201446,Mike Taylor,1610612746,LAC,23.0,1.0,2.3,0.437,0.4,1.0,0.447,0.1,0.5,0.3,0.3,0.6,0.464,0.2,0.6,0.379,2008
311,1630,Mikki Moore,1610612738,BOS,33.0,1.0,1.5,0.654,0.1,0.2,0.563,0.0,0.1,0.333,0.4,0.8,0.458,0.1,0.3,0.389,2008
312,2590,Mo Williams,1610612739,CLE,26.0,1.1,2.0,0.55,0.6,1.2,0.495,0.6,1.1,0.5,1.5,3.1,0.466,2.0,4.6,0.45,2008
313,101145,Monta Ellis,1610612744,GSW,23.0,3.8,6.4,0.597,0.5,1.1,0.444,0.4,1.3,0.313,2.0,5.2,0.377,0.9,2.6,0.354,2008
314,201165,Morris Almond,1610612762,UTA,24.0,0.6,1.3,0.485,0.1,0.3,0.2,0.2,0.3,0.6,0.2,0.4,0.4,0.3,1.0,0.304,2008
315,2050,Morris Peterson,1610612740,NOH,31.0,0.3,0.6,0.538,0.1,0.3,0.455,0.2,0.4,0.471,0.2,0.6,0.269,0.7,1.8,0.403,2008
316,200754,Mouhamed Sene,1610612752,NYK,23.0,0.5,0.8,0.6,0.4,0.4,1.0,0.3,0.3,1.0,0.0,0.0,0.0,0.0,0.2,0.0,2008
317,101126,Nate Robinson,1610612752,NYK,25.0,2.6,4.4,0.593,0.3,0.9,0.364,0.4,0.9,0.456,0.8,1.9,0.399,1.3,3.3,0.398,2008
318,201605,Nathan Jawai,1610612761,TOR,22.0,0.2,0.3,0.5,0.0,0.5,0.0,0.0,0.0,0.0,0.0,0.0,0.0,0.0,0.0,0.0,2008
319,1737,Nazr Mohammed,1610612766,CHA,31.0,0.6,1.3,0.442,0.1,0.4,0.333,0.2,0.6,0.381,0.2,0.4,0.4,0.0,0.0,0.0,2008
320,2420,Nenad Krstic,1610612760,OKC,25.0,1.6,2.7,0.592,0.2,0.5,0.375,0.3,0.7,0.483,1.5,4.0,0.39,0.5,1.0,0.489,2008
321,2403,Nene,1610612743,DEN,26.0,4.2,6.2,0.681,0.3,0.7,0.481,0.2,0.4,0.452,0.8,1.8,0.45,0.0,0.1,0.286,2008
322,2555,Nick Collison,1610612760,OKC,28.0,2.7,3.9,0.692,0.2,0.7,0.298,0.1,0.3,0.391,0.3,0.9,0.339,0.1,0.2,0.4,2008
323,201156,Nick Young,1610612764,WAS,24.0,1.0,1.7,0.593,0.4,0.8,0.557,0.5,1.2,0.439,1.3,3.1,0.416,0.6,1.6,0.372,2008
324,201587,Nicolas Batum,1610612757,POR,20.0,1.0,1.6,0.63,0.0,0.1,0.182,0.0,0.1,0.0,0.2,0.4,0.375,0.7,2.0,0.367,2008
325,201564,O.J. Mayo,1610612763,MEM,21.0,1.7,3.5,0.486,0.6,1.3,0.467,0.5,1.4,0.384,1.3,2.8,0.463,1.7,4.0,0.419,2008
326,200762,Oleksiy Pecherov,1610612764,WAS,23.0,0.3,0.8,0.44,0.2,0.4,0.5,0.1,0.3,0.5,0.1,0.4,0.273,0.3,1.0,0.333,2008
327,201629,Othello Hunter,1610612737,ATL,23.0,0.6,1.0,0.625,0.0,0.1,0.0,0.0,0.0,0.0,0.1,0.2,0.5,0.0,0.1,0.0,2008
328,200753,Patrick O'Bryant,1610612761,TOR,23.0,0.4,0.6,0.68,0.3,0.4,0.583,0.2,0.6,0.438,0.4,0.8,0.458,0.1,0.1,0.6,2008
329,2200,Pau Gasol,1610612747,LAL,28.0,4.1,6.1,0.667,1.6,3.2,0.496,0.9,1.8,0.507,0.7,1.7,0.403,0.0,0.0,0.75,2008
330,200781,Paul Davis,1610612746,LAC,24.0,0.7,1.3,0.543,0.1,0.4,0.273,0.2,0.4,0.556,0.3,1.3,0.257,0.2,0.3,0.5,2008
331,200794,Paul Millsap,1610612762,UTA,24.0,4.0,6.5,0.621,0.3,0.9,0.352,0.3,0.8,0.349,0.5,1.4,0.39,0.1,0.2,0.385,2008
332,1718,Paul Pierce,1610612738,BOS,31.0,2.2,4.2,0.536,0.3,0.6,0.469,0.9,1.9,0.477,1.6,3.5,0.444,1.2,2.9,0.403,2008
333,978,Peja Stojakovic,1610612740,NOH,32.0,0.7,1.2,0.592,0.1,0.4,0.308,0.2,0.7,0.275,1.0,2.5,0.391,2.0,4.9,0.405,2008
334,200822,Pops Mensah-Bonsu,1610612761,TOR,25.0,1.5,3.7,0.407,0.1,0.3,0.333,0.1,0.3,0.2,0.1,0.4,0.375,0.0,0.0,0.0,2008
335,2047,Quentin Richardson,1610612752,NYK,29.0,1.4,2.8,0.495,0.1,0.4,0.333,0.1,0.3,0.368,0.2,0.8,0.286,1.1,3.0,0.377,2008
336,200763,Quincy Douby,1610612761,TOR,25.0,0.3,0.7,0.474,0.3,0.6,0.467,0.0,0.2,0.2,0.3,0.6,0.412,0.6,1.2,0.455,2008
337,2624,Quinton Ross,1610612763,MEM,28.0,0.4,0.7,0.54,0.1,0.3,0.278,0.1,0.2,0.467,0.2,0.7,0.28,0.6,1.6,0.375,2008
338,1747,Rafer Alston,1610612753,ORL,32.0,1.4,3.2,0.443,0.5,1.3,0.408,0.1,0.5,0.257,0.4,0.9,0.431,0.7,2.2,0.339,2008
339,1952,Raja Bell,1610612766,CHA,32.0,0.5,0.8,0.623,0.1,0.3,0.333,0.2,0.6,0.368,1.4,3.0,0.453,1.5,3.7,0.416,2008
340,200765,Rajon Rondo,1610612738,BOS,23.0,3.4,5.7,0.6,0.3,0.9,0.267,0.2,0.6,0.354,0.6,1.3,0.433,0.3,0.7,0.382,2008
341,201196,Ramon Sessions,1610612749,MIL,23.0,2.4,4.4,0.534,0.7,1.7,0.425,0.5,1.1,0.419,0.5,1.6,0.323,0.3,0.7,0.436,2008
342,201043,Randolph Morris,1610612737,ATL,23.0,0.1,0.2,0.5,0.1,0.3,0.25,0.3,0.5,0.5,0.0,0.1,0.0,0.0,0.0,0.0,2008
343,200751,Randy Foye,1610612750,MIN,25.0,2.0,4.3,0.48,0.5,1.3,0.362,0.3,0.8,0.362,0.7,1.6,0.425,1.4,3.8,0.366,2008
344,101119,Rashad McCants,1610612758,SAC,24.0,1.4,2.7,0.497,0.1,0.4,0.4,0.2,0.4,0.455,0.4,1.3,0.333,0.7,2.0,0.345,2008
345,1740,Rashard Lewis,1610612753,ORL,29.0,1.5,2.6,0.593,0.5,1.2,0.418,0.7,1.4,0.513,0.4,1.3,0.324,1.6,4.0,0.408,2008
346,739,Rasheed Wallace,1610612765,DET,34.0,0.6,1.0,0.591,0.5,0.8,0.596,0.8,1.9,0.439,0.8,2.0,0.392,0.7,1.9,0.355,2008
347,1725,Rasho Nesterovic,1610612754,IND,33.0,1.8,2.6,0.689,0.3,0.9,0.322,0.1,0.3,0.35,0.9,2.1,0.432,0.1,0.4,0.321,2008
348,2446,Rasual Butler,1610612740,NOH,30.0,1.0,1.5,0.642,0.2,0.5,0.419,0.3,0.7,0.35,0.8,2.0,0.383,1.6,3.7,0.435,2008
349,951,Ray Allen,1610612738,BOS,33.0,1.6,2.6,0.625,0.3,0.6,0.553,0.5,1.1,0.506,0.9,1.8,0.489,2.3,5.3,0.442,2008
350,101109,Raymond Felton,1610612766,CHA,25.0,2.0,4.3,0.46,0.5,1.1,0.455,0.3,0.7,0.467,1.3,3.1,0.425,0.9,2.5,0.343,2008
351,2501,Reggie Evans,1610612755,PHI,29.0,0.9,2.0,0.453,0.1,0.2,0.438,0.0,0.0,0.0,0.0,0.0,0.0,0.0,0.0,0.0,2008
352,200764,Renaldo Balkman,1610612743,DEN,24.0,1.7,2.8,0.617,0.1,0.1,0.571,0.0,0.0,1.0,0.2,0.5,0.346,0.0,0.2,0.25,2008
353,1888,Richard Hamilton,1610612765,DET,31.0,1.6,2.5,0.641,0.4,0.9,0.417,1.1,2.5,0.432,2.5,5.7,0.439,1.2,3.1,0.377,2008
354,2210,Richard Jefferson,1610612749,MIL,29.0,2.4,4.2,0.562,0.4,1.0,0.4,0.3,1.0,0.346,1.5,3.8,0.399,1.3,3.1,0.414,2008
355,1729,Ricky Davis,1610612746,LAC,29.0,0.4,0.7,0.542,0.0,0.2,0.167,0.1,0.5,0.278,0.6,1.4,0.392,0.7,2.5,0.284,2008
356,201633,Rob Kurz,1610612744,GSW,24.0,0.4,0.8,0.5,0.0,0.1,0.0,0.1,0.2,0.5,0.4,1.1,0.357,0.2,0.8,0.3,2008
357,2741,Robert Swift,1610612760,OKC,23.0,0.8,1.3,0.647,0.3,0.7,0.389,0.3,0.6,0.533,0.0,0.2,0.0,0.0,0.0,0.0,2008
358,201577,Robin Lopez,1610612756,PHX,21.0,0.9,1.5,0.629,0.2,0.5,0.31,0.1,0.3,0.25,0.1,0.1,0.5,0.0,0.0,0.0,2008
359,200760,Rodney Carney,1610612750,MIN,25.0,1.1,1.7,0.643,0.0,0.2,0.273,0.0,0.2,0.133,0.2,0.6,0.39,1.0,2.7,0.373,2008
360,201155,Rodney Stuckey,1610612765,DET,23.0,2.5,5.0,0.504,0.4,0.8,0.469,0.4,1.2,0.385,1.1,2.7,0.403,0.4,1.1,0.352,2008
361,2427,Roger Mason Jr.,1610612759,SAS,28.0,0.5,1.1,0.462,0.0,0.1,0.273,0.2,0.3,0.464,0.8,2.0,0.42,2.0,4.6,0.424,2008
362,101146,Roko Leni Ukic,1610612761,TOR,24.0,1.0,2.1,0.47,0.3,0.6,0.537,0.2,0.5,0.364,0.1,0.5,0.212,0.1,0.5,0.229,2008
363,2436,Ronald Murray,1610612737,ATL,29.0,1.7,2.9,0.588,0.3,0.7,0.439,0.6,1.2,0.495,0.6,1.7,0.381,0.6,1.6,0.357,2008
364,200758,Ronnie Brewer,1610612762,UTA,24.0,3.5,5.4,0.639,0.1,0.2,0.316,0.1,0.3,0.273,0.9,2.2,0.401,0.6,1.6,0.383,2008
365,101179,Ronnie Price,1610612762,UTA,26.0,0.6,1.3,0.477,0.0,0.2,0.25,0.1,0.2,0.375,0.3,0.8,0.421,0.3,1.1,0.269,2008
366,101142,Ronny Turiaf,1610612744,GSW,26.0,1.4,2.1,0.677,0.1,0.3,0.381,0.2,0.6,0.364,0.5,1.4,0.377,0.1,0.2,0.316,2008
367,201579,Roy Hibbert,1610612754,IND,22.0,1.7,3.5,0.496,0.7,1.6,0.458,0.2,0.5,0.355,0.2,0.4,0.414,0.1,0.1,0.556,2008
368,2767,Royal Ivey,1610612755,PHI,27.0,0.3,0.6,0.435,0.0,0.2,0.154,0.0,0.3,0.118,0.0,0.1,0.3,0.4,1.3,0.356,2008
369,201164,Rudy Fernandez,1610612757,POR,24.0,0.9,1.3,0.692,0.1,0.3,0.292,0.1,0.3,0.25,0.2,0.7,0.298,1.5,3.9,0.396,2008
370,200752,Rudy Gay,1610612763,MEM,22.0,2.8,5.0,0.559,0.9,1.9,0.459,0.7,1.7,0.406,1.3,2.9,0.442,1.1,2.8,0.397,2008
371,201566,Russell Westbrook,1610612760,OKC,20.0,2.8,6.0,0.457,0.4,1.2,0.368,0.6,1.7,0.368,0.8,2.3,0.366,0.5,1.5,0.346,2008
372,201583,Ryan Anderson,1610612751,NJN,21.0,1.1,2.6,0.435,0.1,0.3,0.3,0.0,0.1,0.5,0.1,0.2,0.4,0.6,1.7,0.364,2008
373,1763,Ryan Bowen,1610612740,NOH,33.0,0.8,1.0,0.773,0.1,0.2,0.333,0.0,0.0,0.0,0.1,0.5,0.2,0.1,0.1,0.667,2008
374,101155,Ryan Gomes,1610612750,MIN,26.0,1.6,2.7,0.577,0.2,0.8,0.238,0.5,1.2,0.396,1.1,2.7,0.429,1.3,3.2,0.413,2008
375,200797,Ryan Hollins,1610612742,DAL,24.0,1.0,1.5,0.662,0.1,0.3,0.222,0.0,0.3,0.091,0.0,0.1,0.333,0.0,0.0,0.0,2008
376,2223,Samuel Dalembert,1610612755,PHI,29.0,1.8,3.0,0.585,0.2,0.7,0.358,0.4,1.0,0.39,0.3,0.7,0.426,0.0,0.0,0.0,2008
377,2562,Sasha Pavlovic,1610612739,CLE,25.0,0.6,1.1,0.543,0.1,0.4,0.273,0.1,0.3,0.2,0.2,0.5,0.344,0.6,1.4,0.441,2008
378,2756,Sasha Vujacic,1610612747,LAL,25.0,0.3,0.5,0.465,0.0,0.0,0.0,0.1,0.1,0.4,0.4,1.0,0.395,0.7,2.0,0.366,2008
379,1752,Sean Marks,1610612740,NOH,33.0,1.0,1.4,0.682,0.0,0.1,0.2,0.0,0.1,0.0,0.1,0.6,0.182,0.2,0.6,0.389,2008
380,101118,Sean May,1610612766,CHA,25.0,0.4,1.0,0.391,0.1,0.6,0.1,0.2,0.5,0.364,0.7,1.5,0.486,0.3,0.8,0.389,2008
381,201606,Sean Singletary,1610612766,CHA,23.0,0.2,0.4,0.438,0.1,0.3,0.375,0.1,0.2,0.5,0.2,0.8,0.286,0.2,0.4,0.417,2008
382,201157,Sean Williams,1610612751,NJN,22.0,0.7,1.2,0.632,0.1,0.6,0.214,0.1,0.5,0.154,0.0,0.2,0.167,0.0,0.0,0.0,2008
383,2742,Sebastian Telfair,1610612750,MIN,24.0,1.0,2.3,0.442,0.2,0.7,0.333,0.3,0.8,0.35,0.9,2.1,0.416,0.9,2.3,0.368,2008
384,200771,Sergio Rodriguez,1610612757,POR,23.0,0.7,1.4,0.5,0.2,0.4,0.455,0.1,0.3,0.36,0.1,0.4,0.321,0.3,1.1,0.307,2008
385,2203,Shane Battier,1610612745,HOU,30.0,0.5,0.9,0.571,0.3,0.5,0.484,0.0,0.2,0.167,0.1,0.3,0.267,1.0,2.5,0.401,2008
386,200769,Shannon Brown,1610612747,LAL,23.0,0.9,1.6,0.584,0.1,0.2,0.5,0.1,0.3,0.455,0.2,0.5,0.292,0.3,0.6,0.5,2008
387,406,Shaquille O'Neal,1610612756,PHX,37.0,5.1,7.0,0.725,1.5,3.5,0.433,0.3,0.7,0.352,0.0,0.0,0.0,0.0,0.0,0.0,2008
388,2733,Shaun Livingston,1610612760,OKC,23.0,0.8,1.1,0.692,0.2,0.8,0.222,1.2,2.0,0.591,0.6,1.2,0.5,0.0,0.2,0.0,2008
389,101183,Shavlik Randolph,1610612757,POR,25.0,0.7,1.2,0.583,0.0,0.0,0.0,0.0,0.0,0.0,0.0,0.0,0.0,0.1,0.1,1.0,2008
390,1890,Shawn Marion,1610612761,TOR,31.0,3.2,5.1,0.635,1.3,3.1,0.406,0.7,1.8,0.402,0.2,0.6,0.268,0.1,0.7,0.2,2008
391,200761,Shawne Williams,1610612742,DAL,23.0,0.7,1.1,0.588,0.0,0.5,0.0,0.2,0.5,0.333,0.2,0.5,0.286,0.1,1.1,0.133,2008
392,200749,Shelden Williams,1610612750,MIN,25.0,1.2,2.1,0.563,0.1,0.5,0.105,0.0,0.2,0.143,0.3,0.6,0.407,0.0,0.1,0.333,2008
393,200780,Solomon Jones,1610612737,ATL,24.0,0.8,1.2,0.684,0.0,0.1,0.286,0.1,0.3,0.357,0.1,0.2,0.583,0.0,0.0,0.0,2008
394,201603,Sonny Weems,1610612743,DEN,22.0,0.3,0.4,0.6,0.0,0.5,0.0,0.0,0.2,0.0,0.5,0.9,0.5,0.0,0.2,0.0,2008
395,2049,Speedy Claxton,1610612737,ATL,31.0,0.5,1.0,0.5,0.0,0.0,0.0,0.5,1.0,0.5,0.0,1.0,0.0,0.0,0.5,0.0,2008
396,201150,Spencer Hawes,1610612758,SAC,21.0,2.4,4.0,0.596,0.8,2.0,0.369,0.4,0.9,0.418,0.7,1.5,0.456,0.5,1.5,0.353,2008
397,101211,Stephen Graham,1610612754,IND,27.0,0.9,1.4,0.6,0.1,0.2,0.4,0.1,0.4,0.235,0.5,1.2,0.439,0.4,1.3,0.277,2008
398,1536,Stephen Jackson,1610612744,GSW,31.0,2.7,5.3,0.516,0.5,1.2,0.38,0.4,1.1,0.358,1.2,2.6,0.439,1.1,2.9,0.366,2008
399,950,Stephon Marbury,1610612738,BOS,32.0,0.7,1.3,0.517,0.0,0.4,0.125,0.0,0.3,0.143,0.4,0.9,0.429,0.3,1.3,0.258,2008
400,2581,Steve Blake,1610612757,POR,29.0,0.6,1.2,0.464,0.1,0.4,0.345,0.1,0.6,0.256,0.5,1.3,0.389,2.1,4.5,0.466,2008
401,959,Steve Nash,1610612756,PHX,35.0,1.3,2.0,0.664,0.7,1.3,0.545,0.7,1.6,0.424,1.3,2.5,0.511,1.0,2.2,0.442,2008
402,200779,Steve Novak,1610612746,LAC,26.0,0.1,0.1,0.667,0.0,0.0,1.0,0.1,0.1,0.5,0.3,0.6,0.45,1.3,2.6,0.503,2008
403,201631,Steven Hill,1610612760,OKC,23.0,1.0,1.0,1.0,0.0,0.0,0.0,0.0,0.0,0.0,,,,0.0,0.0,0.0,2008
404,2031,Stromile Swift,1610612756,PHX,29.0,0.8,1.6,0.5,0.3,0.6,0.455,0.0,0.2,0.0,0.2,0.6,0.273,0.1,0.1,1.0,2008
405,201180,Sun Yue,1610612747,LAL,23.0,0.1,0.1,1.0,0.0,0.0,0.0,0.3,0.3,1.0,0.1,0.3,0.5,0.0,0.4,0.0,2008
406,2551,T.J. Ford,1610612754,IND,26.0,2.4,4.5,0.522,0.6,1.4,0.465,0.8,1.7,0.465,1.2,3.0,0.412,0.3,1.0,0.338,2008
407,200814,Tarence Kinsey,1610612739,CLE,25.0,0.2,0.3,0.647,0.1,0.4,0.3,0.2,0.3,0.571,0.1,0.3,0.333,0.2,0.4,0.421,2008
408,2419,Tayshaun Prince,1610612765,DET,29.0,1.9,3.1,0.623,0.8,2.0,0.415,0.5,1.5,0.341,1.2,3.1,0.391,1.0,2.2,0.44,2008
409,200757,Thabo Sefolosha,1610612760,OKC,25.0,1.2,2.0,0.626,0.1,0.3,0.5,0.1,0.3,0.278,0.3,1.2,0.299,0.4,1.3,0.306,2008
410,201152,Thaddeus Young,1610612755,PHI,21.0,3.4,5.5,0.628,0.9,2.1,0.424,0.3,0.8,0.381,0.7,1.7,0.427,0.6,1.6,0.38,2008
411,689,Theo Ratliff,1610612755,PHI,36.0,0.6,0.9,0.643,0.1,0.5,0.263,0.0,0.1,0.5,0.0,0.0,1.0,0.0,0.0,0.0,2008
412,201242,Thomas Gardner,1610612737,ATL,24.0,0.1,0.2,0.333,0.0,0.0,0.0,0.0,0.2,0.0,0.0,0.2,0.0,0.5,1.3,0.385,2008
413,1495,Tim Duncan,1610612759,SAS,33.0,3.7,6.0,0.612,1.5,3.5,0.438,0.9,2.0,0.433,1.2,2.8,0.423,0.2,0.4,0.406,2008
414,1501,Tim Thomas,1610612741,CHI,32.0,1.0,1.8,0.565,0.2,0.5,0.367,0.2,0.6,0.359,0.3,0.8,0.308,0.7,1.7,0.448,2008
415,2754,Tony Allen,1610612738,BOS,27.0,2.4,4.0,0.603,0.2,0.7,0.323,0.0,0.2,0.1,0.1,0.4,0.316,0.2,0.7,0.219,2008
416,1499,Tony Battie,1610612753,ORL,33.0,0.8,1.1,0.768,0.1,0.4,0.259,0.4,0.7,0.482,0.6,1.7,0.391,0.1,0.3,0.44,2008
417,2225,Tony Parker,1610612759,SAS,27.0,4.8,7.7,0.619,0.9,2.1,0.447,0.3,0.9,0.303,2.0,4.5,0.443,0.8,2.0,0.421,2008
418,1503,Tracy McGrady,1610612745,HOU,30.0,1.6,3.2,0.505,0.3,0.8,0.357,0.4,1.0,0.4,1.2,3.6,0.323,1.1,3.0,0.362,2008
419,101143,Travis Diener,1610612754,IND,27.0,0.2,0.3,0.813,0.0,0.0,0.0,0.0,0.1,0.286,0.2,0.5,0.407,0.3,0.8,0.419,2008
420,2566,Travis Outlaw,1610612757,POR,24.0,1.3,2.2,0.59,0.4,0.9,0.457,0.5,1.2,0.385,1.1,2.4,0.459,1.4,3.4,0.405,2008
421,2239,Trenton Hassell,1610612751,NJN,30.0,0.5,0.9,0.531,0.1,0.2,0.364,0.1,0.2,0.583,0.7,1.6,0.432,0.2,0.7,0.371,2008
422,2772,Trevor Ariza,1610612747,LAL,24.0,2.1,3.3,0.63,0.0,0.2,0.211,0.0,0.2,0.143,0.3,0.8,0.354,0.6,1.8,0.333,2008
423,201234,Trey Johnson,1610612739,CLE,24.0,0.0,0.3,0.0,0.0,0.0,0.0,0.0,0.0,0.0,0.0,2.0,0.0,0.0,0.0,0.0,2008
424,2211,Troy Murphy,1610612754,IND,29.0,1.6,2.7,0.607,0.1,0.2,0.333,0.3,0.6,0.488,0.6,1.6,0.356,0.9,1.8,0.481,2008
425,1731,Tyronn Lue,1610612753,ORL,32.0,0.1,0.4,0.278,0.1,0.3,0.25,0.2,0.6,0.409,0.5,0.9,0.583,0.4,0.8,0.486,2008
426,200748,Tyrus Thomas,1610612741,CHI,22.0,2.2,3.9,0.572,0.2,0.8,0.228,0.4,0.9,0.444,0.9,2.6,0.362,0.1,0.5,0.297,2008
427,2199,Tyson Chandler,1610612740,NOH,26.0,3.3,5.3,0.624,0.3,0.9,0.308,0.0,0.1,0.0,0.0,0.0,0.0,0.0,0.0,0.0,2008
428,2617,Udonis Haslem,1610612748,MIA,29.0,1.9,2.7,0.708,0.2,0.6,0.349,0.5,1.2,0.389,1.8,4.0,0.457,0.0,0.1,0.333,2008
429,1713,Vince Carter,1610612751,NJN,32.0,2.3,4.2,0.55,0.5,1.1,0.464,0.5,1.4,0.36,1.5,3.7,0.421,1.4,3.6,0.402,2008
430,2209,Vladimir Radmanovic,1610612766,CHA,28.0,0.7,1.1,0.602,0.1,0.4,0.276,0.1,0.3,0.333,0.2,0.5,0.417,0.8,2.2,0.384,2008
431,101144,Von Wafer,1610612745,HOU,23.0,1.5,2.5,0.582,0.3,0.6,0.432,0.2,0.6,0.378,0.4,1.1,0.394,0.8,2.1,0.374,2008
432,1887,Wally Szczerbiak,1610612739,CLE,32.0,0.4,0.7,0.551,0.2,0.4,0.5,0.1,0.4,0.355,0.4,1.0,0.444,1.0,2.2,0.452,2008
433,200835,Walter Herrmann,1610612765,DET,30.0,0.4,0.7,0.512,0.1,0.2,0.444,0.1,0.2,0.455,0.1,0.3,0.444,0.7,1.8,0.374,2008
434,201594,Walter Sharpe,1610612765,DET,22.0,0.4,0.5,0.75,0.5,0.5,1.0,0.0,0.3,0.0,0.0,0.4,0.0,0.0,0.4,0.0,2008
435,101198,Will Bynum,1610612765,DET,26.0,1.4,2.6,0.523,0.3,0.7,0.485,0.2,0.5,0.37,0.6,1.5,0.409,0.2,0.6,0.4,2008
436,2226,Will Solomon,1610612758,SAC,30.0,0.4,0.8,0.5,0.1,0.3,0.385,0.1,0.4,0.278,0.4,1.0,0.44,0.8,1.6,0.518,2008
437,2584,Willie Green,1610612755,PHI,27.0,1.2,2.2,0.551,0.2,0.5,0.405,0.3,0.7,0.462,1.0,2.1,0.453,0.6,1.6,0.382,2008
438,201163,Wilson Chandler,1610612752,NYK,22.0,2.0,3.5,0.579,0.7,1.4,0.457,0.4,1.0,0.393,0.8,2.1,0.363,1.3,3.3,0.386,2008
439,200821,Yakhouba Diawara,1610612748,MIA,26.0,0.3,0.4,0.615,0.0,0.0,0.0,0.0,0.1,0.25,0.1,0.2,0.429,0.6,2.2,0.278,2008
440,2397,Yao Ming,1610612745,HOU,28.0,3.3,5.3,0.619,2.4,4.5,0.539,1.3,2.8,0.479,0.2,0.6,0.396,0.1,0.2,0.286,2008
441,201146,Yi Jianlian,1610612751,NJN,21.0,0.9,2.0,0.46,0.2,0.4,0.48,0.2,0.7,0.366,0.6,1.6,0.402,0.8,2.6,0.301,2008
442,2216,Zach Randolph,1610612746,LAC,27.0,4.3,6.9,0.625,1.1,2.8,0.393,0.5,1.2,0.4,1.4,3.7,0.376,0.6,1.6,0.358,2008
443,2585,Zaza Pachulia,1610612737,ATL,25.0,1.7,3.0,0.572,0.1,0.3,0.318,0.1,0.4,0.321,0.2,0.5,0.316,0.0,0.0,0.0,2008
444,980,Zydrunas Ilgauskas,1610612739,CLE,34.0,1.9,3.4,0.555,0.5,1.1,0.449,0.4,0.9,0.41,1.6,3.6,0.449,0.9,2.1,0.426,2008
